pasaj_id,span_no,banka,etiket,yakalanan,normal_deger,guven,baglam,ONAY_E_H,DUZELTILMIS_ETIKET,NOT
albaraka-ccb86d59dcff-p003,0,albaraka,KAR_PAYLASIM_ORANI,98/2,"{""musteri"": 98.0, ""banka"": 2.0, ""birim"": ""yuzde""}",0.9,⟪98/2⟫ kâr paylaşım oranı ile birikime başlayın!,,,
albaraka-4c438cd4bddb-p004,0,albaraka,MASRAF_DURUMU,vade farksız,"{""metin"": ""vade farksız""}",0.95,"hemen müşterimiz olun , ⟪vade farksız⟫ ve uygun oranlı Pratik Finansman Kart ’ta ile daha birçok a",,,
albaraka-4c438cd4bddb-p036,4,albaraka,TAKSIT_SAYISI,4 taksit,"{""deger"": 4, ""birim"": ""adet""}",0.93,"sız, azami 40.000 TL limitli, 3 aya varan ödemesiz dönem ve ⟪4 taksit⟫ imkânı ile birlikte toplam 6 aya varan vade imkanıyla sunul",,,
albaraka-4c438cd4bddb-p066,2,albaraka,TAKSIT_SAYISI,12 taksit,"{""deger"": 12, ""birim"": ""adet""}",0.93,sahip olabilirsiniz. Bilgisayar alışverişlerinizde maksimum ⟪12 taksit⟫ imkanına sahip olabilirsiniz. Tablet alışverişlerinizde mak,,,
albaraka-1795dc07077a-p000,0,albaraka,HEDEF_KITLE,Yeni Müşterilerimize Özel,"{""metin"": ""yeni müşterilerimize özel""}",0.9,Kampanyalar ⟪Yeni Müşterilerimize Özel⟫ Vade Farksız 140.000 TL’ye Varan Destek!,,,
albaraka-1795dc07077a-p004,0,albaraka,HEDEF_KITLE,Yeni Müşterilerimize Özel,"{""metin"": ""yeni müşterilerimize özel""}",0.9,⟪Yeni Müşterilerimize Özel⟫ Yurt Dışı Çıkış Harcı Kampanyası | 1.250 TL Worldpuan!,,,
albaraka-1795dc07077a-p013,3,albaraka,TAKSIT_SAYISI,6 taksit,"{""deger"": 6, ""birim"": ""adet""}",0.93,00 TL- 100.000 TL arası sağlık harcamalarınıza vade farksız ⟪6 taksit⟫ fırsatı!,,,
albaraka-1795dc07077a-p016,0,albaraka,MASRAF_DURUMU,vade farksız,"{""metin"": ""vade farksız""}",0.95,anyası 1.000 TL- 20.000 TL arası kırtasiye harcamalarınızda ⟪vade farksız⟫ 4 taksit fırsatını kaçırmayın!,,,
albaraka-ea53872ed45c-p024,0,albaraka,KAMPANYA_SURESI,31 Ağustos 2026 tarihine kadar,"{""bitis"": ""2026-08-31""}",0.9,İdefix harcamalarınızda ⟪31 Ağustos 2026 tarihine kadar⟫ World'e özel 6 taksit fırsatını kaçırmayın.,,,
albaraka-ea53872ed45c-p027,0,albaraka,TAKSIT_SAYISI,6 Taksit,"{""deger"": 6, ""birim"": ""adet""}",0.93,Hepsiburada Harcamalarınızda World’e Özel ⟪6 Taksit⟫ Fırsatı!,,,
albaraka-ea53872ed45c-p030,1,albaraka,TAKSIT_SAYISI,6 taksit,"{""deger"": 6, ""birim"": ""adet""}",0.93,arcamalarınızda 24 Haziran 2026 tarihine kadar World'e özel ⟪6 taksit⟫ fırsatını kaçırmayın.,,,
albaraka-ea53872ed45c-p034,0,albaraka,KAMPANYA_SURESI,31 Temmuz 2026 tarihine kadar,"{""bitis"": ""2026-07-31""}",0.9,Media Markt harcamalarınızda ⟪31 Temmuz 2026 tarihine kadar⟫ World'e özel 6 taksit fırsatını kaçırmayın.,,,
albaraka-ea53872ed45c-p037,0,albaraka,TAKSIT_SAYISI,9 Taksit,"{""deger"": 9, ""birim"": ""adet""}",0.93,"İstikbal, Bellona ve Mondihome'da World’e Özel ⟪9 Taksit⟫ Fırsatı!",,,
albaraka-ea53872ed45c-p040,1,albaraka,TAKSIT_SAYISI,6 taksit,"{""deger"": 6, ""birim"": ""adet""}",0.93,arcamalarınızda 31 Ağustos 2026 tarihine kadar World'e özel ⟪6 taksit⟫ fırsatını kaçırmayın.,,,
albaraka-ea53872ed45c-p044,0,albaraka,KAMPANYA_SURESI,31 Aralık 2026 tarihine kadar,"{""bitis"": ""2026-12-31""}",0.9,Kiğılı ve Abdullah Kiğılı harcamalarınızda ⟪31 Aralık 2026 tarihine kadar⟫ World'e özel 6 taksit fırsatını kaçırmayın.,,,
albaraka-ea53872ed45c-p047,0,albaraka,TAKSIT_SAYISI,6 Taksit,"{""deger"": 6, ""birim"": ""adet""}",0.93,Civil Harcamalarınızda World’e Özel ⟪6 Taksit⟫ Fırsatı!,,,
albaraka-ea53872ed45c-p050,1,albaraka,TAKSIT_SAYISI,5 taksit,"{""deger"": 5, ""birim"": ""adet""}",0.93,nız harcamalarda 31 Aralık 2026 tarihine kadar World'e özel ⟪5 taksit⟫ fırsatını kaçırmayın.,,,
albaraka-ea53872ed45c-p054,0,albaraka,KAMPANYA_SURESI,7 Temmuz 2026 tarihine kadar,"{""bitis"": ""2026-07-07""}",0.9,Saat&Saat Harcamalarınızda ⟪7 Temmuz 2026 tarihine kadar⟫ World'e özel 7 taksit fırsatını kaçırmayın.,,,
albaraka-ea53872ed45c-p057,0,albaraka,TAKSIT_SAYISI,6 Taksit,"{""deger"": 6, ""birim"": ""adet""}",0.93,Fiat Yetkili Servislerde World’e Özel ⟪6 Taksit⟫ Fırsatı!,,,
albaraka-ea53872ed45c-p060,1,albaraka,TAKSIT_SAYISI,6 taksit,"{""deger"": 6, ""birim"": ""adet""}",0.93,arcamalarınızda 31 Ağustos 2026 tarihine kadar World'e özel ⟪6 taksit⟫ fırsatını kaçırmayın.,,,
albaraka-ea53872ed45c-p064,0,albaraka,KAMPANYA_SURESI,31 Mayıs 2026 tarihine kadar,"{""bitis"": ""2026-05-31""}",0.9,D&R harcamalarınızda ⟪31 Mayıs 2026 tarihine kadar⟫ World'e özel 7 taksit fırsatını kaçırmayın.,,,
albaraka-ea53872ed45c-p066,2,albaraka,TAKSIT_SAYISI,3 taksit,"{""deger"": 3, ""birim"": ""adet""}",0.93,şverişlerinizde 31 Ağustos 2026 tarihine kadar World’e özel ⟪3 taksit⟫ fırsatını kaçırmayın.,,,
albaraka-ea53872ed45c-p070,0,albaraka,KAMPANYA_SURESI,5 Temmuz 2026 tarihine kadar,"{""bitis"": ""2026-07-05""}",0.9,Opmar Optik harcamalarınızda ⟪5 Temmuz 2026 tarihine kadar⟫ World'e özel 6 taksit fırsatını kaçırmayın.,,,
albaraka-b3d9d634601f-p000,0,albaraka,INDIRIM_ORANI,%25,"{""deger"": 25.0, ""birim"": ""yuzde""}",0.9,Arzum’da ⟪%25⟫ İndirim! Arzum’da indirim Albaraka’da! Eviniz için seçkin ü,,,
albaraka-5e57b63efae4-p002,0,albaraka,MASRAF_DURUMU,vade farksız,"{""metin"": ""vade farksız""}",0.95,30.000 TL- 500.000 TL arası okul ödemelerinize ⟪vade farksız⟫ 6 taksit fırsatını kaçırmayın!,,,
albaraka-5e57b63efae4-p010,0,albaraka,MASRAF_DURUMU,vade farksız,"{""metin"": ""vade farksız""}",0.95,Kampanya dönemi boyunca bir müşteri maksimum 2 kere ⟪vade farksız⟫ taksitlendirme işleminden yararlanabilir.,,,
albaraka-2f91d0554cdd-p006,0,albaraka,KAMPANYA_SURESI,1 Haziran - 30 Eylül 2026,"{""tarih"": ""2026-09-30""}",0.94,⟪1 Haziran - 30 Eylül 2026⟫ tarihlerinde geçerlidir.,,,
albaraka-57c3b5fde148-p005,0,albaraka,MASRAF_DURUMU,vade farksız,"{""metin"": ""vade farksız""}",0.95,100.000 TL’ye varan seçili sektörlerde ⟪vade farksız⟫ taksitli alışveriş fırsatından yararlanabiliyor.,,,
albaraka-57c3b5fde148-p019,0,albaraka,MASRAF_DURUMU,Vade Farksız,"{""metin"": ""vade farksız""}",0.95,⟪Vade Farksız⟫ Kullanım Alanları (Sektörler):,,,
albaraka-57c3b5fde148-p032,1,albaraka,TAKSIT_SAYISI,6 taksit,"{""deger"": 6, ""birim"": ""adet""}",0.93,: 100.000 TL’ye kadar Vade: Seçili sektörlerde vade farksız ⟪6 taksit⟫,,,
albaraka-57c3b5fde148-p036,1,albaraka,TAKSIT_SAYISI,6 Taksit,"{""deger"": 6, ""birim"": ""adet""}",0.93,"Albaraka Mobil üzerinden “Eğitim Harcamalarına Vade Farksız ⟪6 Taksit⟫!” kampanyasına katılın, Albaraka World kartlarınız ile yapa",,,
albaraka-03290cc71568-p000,1,albaraka,INDIRIM_ORANI,%50,"{""deger"": 50.0, ""birim"": ""yuzde""}",0.9,IM’den %50 İndirim! Yurtdışında internetsiz kalmamanız için ⟪%50⟫ Roamy eSIM indirimi Albaraka Mobil’de.,,,
albaraka-123679fd2f3a-p026,0,albaraka,INDIRIM_ORANI,%20,"{""deger"": 20.0, ""birim"": ""yuzde""}",0.9,Avantajlar Nelerdir? Cabs Coffee'de ⟪%20⟫ GastroClub İndirimi!,,,
albaraka-efff43972cf1-p003,0,albaraka,KAMPANYA_SURESI,01.08.2025-31.12.2025,"{""baslangic"": ""2025-08-01"", ""bitis"": ""2025-12-31""}",0.94,Kampanya Detayları Kampanya ⟪01.08.2025-31.12.2025⟫ tarihleri arasında geçerli olacaktır.,,,
albaraka-84561a7d12f7-p003,0,albaraka,KAMPANYA_SURESI,31 Aralık 2025 tarihine kadar,"{""bitis"": ""2025-12-31""}",0.9,Kampanya Koşulları Kampanya ⟪31 Aralık 2025 tarihine kadar⟫ geçerlidir.,,,
albaraka-3e771c247998-p005,0,albaraka,INDIRIM_ORANI,%10,"{""deger"": 10.0, ""birim"": ""yuzde""}",0.9,⟪%10⟫ indirim kodu 1500 TL'ye kadar yapılan alışverişlerde geçerl,,,
albaraka-713b6f854dc7-p006,0,albaraka,KAMPANYA_SURESI,30 Haziran 2026,"{""tarih"": ""2026-06-30""}",0.9,Kampanya Başlangıç ve Bitiş Tarihi: Kampanya 1-⟪30 Haziran 2026⟫ tarihlerinde geçerlidir.,,,
albaraka-2d30cd9acf45-p005,0,albaraka,INDIRIM_ORANI,%40,"{""deger"": 40.0, ""birim"": ""yuzde""}",0.9,⟪%40⟫ indirim kampanyasından 31.12.2026 tarihine kadar istediğini,,,
albaraka-aa5d95d6862c-p005,0,albaraka,KAMPANYA_SURESI,31 Temmuz 2026,"{""tarih"": ""2026-07-31""}",0.9,Kampanya Şartları: Kampanya 1-⟪31 Temmuz 2026⟫ tarihleri arasında “OFT2026” davet kodunu kullanarak görünt,,,
albaraka-5d387bdabe21-p000,0,albaraka,HARCAMA_ESIGI,10.000 TL ve üzeri,"{""deger"": 10000.0, ""birim"": ""TRY""}",0.9,föy Yönetimi müşterilerine özel kredi kartları ile yapacağı ⟪10.000 TL ve üzeri⟫ konaklama harcamasına %10 iade fırsatı!,,,
albaraka-e641d498c1fe-p000,0,albaraka,INDIRIM_ORANI,%80,"{""deger"": 80.0, ""birim"": ""yuzde""}",0.9,Uber'de İlk Yolculukta ⟪%80⟫ İndirim! Uber harcamalarınızda %80 indirim sizi bekliyor. G,,,
albaraka-37eff1531ee7-p000,1,albaraka,INDIRIM_ORANI,%25,"{""deger"": 25.0, ""birim"": ""yuzde""}",0.9,"ygulamasından sevdiklerinizi mutlu edecek hediyenizi seçin, ⟪%25⟫ indirim kodunuzu kaçırmayın.",,,
albaraka-c21bd7bf1ea4-p006,0,albaraka,KAMPANYA_SURESI,31 Temmuz 2026 tarihine kadar,"{""bitis"": ""2026-07-31""}",0.9,Kampanyadan ⟪31 Temmuz 2026 tarihine kadar⟫ faydalanabilirsin.,,,
albaraka-230070c39aaa-p005,0,albaraka,KAMPANYA_SURESI,31 Temmuz 2026,"{""tarih"": ""2026-07-31""}",0.9,Kampanya Detayları: Kampanya 1-⟪31 Temmuz 2026⟫ tarihleri arasında geçerlidir.,,,
albaraka-a0cb32c18fcb-p005,0,albaraka,KAMPANYA_SURESI,1 Temmuz – 31 Ağustos 2026,"{""tarih"": ""2026-08-31""}",0.94,Kampanya Başlangıç ve Bitiş Tarihi: Kampanya ⟪1 Temmuz – 31 Ağustos 2026⟫ tarihlerinde geçerlidir.,,,
albaraka-fc00bd01d9c0-p000,0,albaraka,INDIRIM_ORANI,%5,"{""deger"": 5.0, ""birim"": ""yuzde""}",0.9,Albaraka Konaklama Harcamanıza ⟪%5⟫ İndirim Kazandırıyor!,,,
albaraka-fc00bd01d9c0-p004,0,albaraka,KAMPANYA_SURESI,31 Ocak 2026,"{""tarih"": ""2026-01-31""}",0.9,Kampanya Başlangıç ve Bitiş Tarihi: Kampanya 1 – ⟪31 Ocak 2026⟫ tarihlerinde geçerlidir.,,,
albaraka-0c63aed9130d-p000,1,albaraka,TAKSIT_SAYISI,6 Taksit,"{""deger"": 6, ""birim"": ""adet""}",0.93,Sağlık Harcamalarına Vade Farksız ⟪6 Taksit⟫ Kampanyası,,,
albaraka-f340ae79c829-p009,0,albaraka,MASRAF_DURUMU,masrafsız,"{""metin"": ""masrafsız""}",0.95,", ⟪masrafsız⟫ bir şekilde yatırım işlemlerinizi gerçekleştirebilirsiniz.",,,
albaraka-d654bf839672-p004,0,albaraka,MASRAF_DURUMU,Masrafsız,"{""metin"": ""masrafsız""}",0.95,⟪Masrafsız⟫ Bankacılık Masrafsız! Dijital banka kartı ücretsizdir. Hiçb,,,
albaraka-4432cb9f7d53-p003,0,albaraka,HARCAMA_ESIGI,100.001 TL ve üzeri,"{""deger"": 100001.0, ""birim"": ""TRY""}",0.9,⟪100.001 TL ve üzeri⟫ arası finansmanlarda 12 Ay’a kadar vade imkanından faydalan,,,
dunya_katilim-5cc5f1f6d488-p001,0,dunya_katilim,TAKSIT_SAYISI,peşin fiyatına 3 taksit,"{""deger"": 3, ""birim"": ""adet""}",0.96,web adresinde Paraf POS’undan yapılacak alışverişlerinize ⟪peşin fiyatına 3 taksit⟫ imkanı sunulacaktır.,,,
dunya_katilim-1ea4bfcd5302-p012,0,dunya_katilim,HEDEF_KITLE,Yeni Müşteri,"{""metin"": ""yeni müşteri""}",0.9,"0,1 gram altın kazanırsın. Davet Edilen ⟪Yeni Müşteri⟫ Sayısı",,,
dunya_katilim-1ea4bfcd5302-p045,0,dunya_katilim,HEDEF_KITLE,Yeni Müşteri,"{""metin"": ""yeni müşteri""}",0.9,⟪Yeni Müşteri⟫ Kampanyaları Bitiş Tarihi: -,,,
dunya_katilim-0fbbcdee8806-p003,0,dunya_katilim,TAKSIT_SAYISI,12 taksit,"{""deger"": 12, ""birim"": ""adet""}",0.93,100 TL – 1.000 TL arası alışverişlerde vade farklı en fazla ⟪12 taksit⟫ uygulanmaktadır.,,,
dunya_katilim-0fbbcdee8806-p005,2,dunya_katilim,TAKSIT_SAYISI,6 taksit,"{""deger"": 6, ""birim"": ""adet""}",0.93,"6.000 TL ve üzeri alışverişlerde peşin fiyatına 6 taksit, ⟪6 taksit⟫ üzerindeki taksitlerde vade farkı uygulanmaktadır.",,,
dunya_katilim-0fbbcdee8806-p013,0,dunya_katilim,MASRAF_DURUMU,vade farksız,"{""metin"": ""vade farksız""}",0.95,"markalı akıllı saatler, Samsung ve Honor markalı tabletler ⟪vade farksız⟫ 6 taksit ve üzeri taksit kampanyalarına dahil değildir.",,,
dunya_katilim-fc927b76d445-p000,0,dunya_katilim,TAKSIT_SAYISI,6 aya varan taksit,"{""deger"": 6, ""birim"": ""adet"", ""sinir"": ""ust""}",0.93,V mağazalarında Paraf POS’larından yapılacak alışverişlerde ⟪6 aya varan taksit⟫ imkanı sunulacaktır.,,,
dunya_katilim-2c67278ab727-p006,0,dunya_katilim,KAMPANYA_SURESI,31 Ağustos 2026,"{""tarih"": ""2026-08-31""}",0.9,Paraf Kampanyaları Devam ediyor Bitiş Tarihi: ⟪31 Ağustos 2026⟫,,,
dunya_katilim-e476ba0441ff-p007,0,dunya_katilim,KAMPANYA_SURESI,31 Ağustos 2026,"{""tarih"": ""2026-08-31""}",0.9,Paraf Kampanyaları Devam ediyor Bitiş Tarihi: ⟪31 Ağustos 2026⟫,,,
dunya_katilim-a69cd4087eed-p000,0,dunya_katilim,TAKSIT_SAYISI,12 aya varan taksit,"{""deger"": 12, ""birim"": ""adet"", ""sinir"": ""ust""}",0.93,a ve yenilio.com’da Paraf POS’undan yapılacak alışverişlere ⟪12 aya varan taksit⟫ fırsatı sağlanacaktır.,,,
dunya_katilim-50260963799a-p000,2,dunya_katilim,HARCAMA_ESIGI,6.000 TL ve üzeri,"{""deger"": 6000.0, ""birim"": ""TRY""}",0.9,üzeri taksitli alışverişlerinizde peşin fiyatına 3 taksit; ⟪6.000 TL ve üzeri⟫ seçili ürünlerde peşin fiyatına 6 taksit; 10.000 TL ve üzer,,,
dunya_katilim-50260963799a-p006,0,dunya_katilim,TAKSIT_SAYISI,Peşin fiyatına 3 taksit,"{""deger"": 3, ""birim"": ""adet""}",0.96,⟪Peşin fiyatına 3 taksit⟫ kampanyası Trendyol Dolap uygulamasından yapılacak alışveri,,,
dunya_katilim-89de84db35a9-p008,0,dunya_katilim,KAMPANYA_SURESI,31 Ağustos 2026,"{""tarih"": ""2026-08-31""}",0.9,Paraf Kampanyaları Devam ediyor Bitiş Tarihi: ⟪31 Ağustos 2026⟫,,,
dunya_katilim-f7366ac6e080-p000,0,dunya_katilim,TAKSIT_SAYISI,6 aya varan taksit,"{""deger"": 6, ""birim"": ""adet"", ""sinir"": ""ust""}",0.93,tılım Paraf ile Paraf POS’larından yapılacak alışverişlerde ⟪6 aya varan taksit⟫ imkanı sunulacaktır.,,,
dunya_katilim-04fb5cc9cb1e-p010,0,dunya_katilim,KAMPANYA_SURESI,31 Ağustos 2026,"{""tarih"": ""2026-08-31""}",0.9,Paraf Kampanyaları Devam ediyor Bitiş Tarihi: ⟪31 Ağustos 2026⟫,,,
dunya_katilim-aeefe0c24788-p002,0,dunya_katilim,INDIRIM_ORANI,%15,"{""deger"": 15.0, ""birim"": ""yuzde""}",0.9,"⟪%15⟫ indirim satış anında mağazada uygulanacak olup, indirimli f",,,
dunya_katilim-270dd2fba958-p000,0,dunya_katilim,TAKSIT_SAYISI,8 taksit,"{""deger"": 8, ""birim"": ""adet""}",0.93,b sayfasından Paraf POS’larından yapacağınız alışverişlerde ⟪8 taksit⟫ imkanı sağlanacaktır.,,,
dunya_katilim-f2e8b1dedc22-p001,1,dunya_katilim,TAKSIT_SAYISI,6 taksit,"{""deger"": 6, ""birim"": ""adet""}",0.93,pya.com ’dan yapılacak taksitli alışverişinize vade farksız ⟪6 taksit⟫ imkanı sunulacaktır.,,,
dunya_katilim-120ed2e25ce8-p006,0,dunya_katilim,KAMPANYA_SURESI,31 Ağustos 2026,"{""tarih"": ""2026-08-31""}",0.9,Paraf Kampanyaları Devam ediyor Bitiş Tarihi: ⟪31 Ağustos 2026⟫,,,
dunya_katilim-be2f0be760c6-p006,0,dunya_katilim,KAMPANYA_SURESI,31 Ağustos 2026,"{""tarih"": ""2026-08-31""}",0.9,Paraf Kampanyaları Devam ediyor Bitiş Tarihi: ⟪31 Ağustos 2026⟫,,,
dunya_katilim-f790aae2ba01-p000,0,dunya_katilim,MASRAF_DURUMU,vade farksız,"{""metin"": ""vade farksız""}",0.95,si Demirdöküm sanal Pos’u üzerinden gerçekleşecek işlemlere ⟪vade farksız⟫ 9 ay taksit imkanı sunulacaktır.,,,
dunya_katilim-051a9296ca21-p000,0,dunya_katilim,TAKSIT_SAYISI,4 taksit,"{""deger"": 4, ""birim"": ""adet""}",0.93,r mağazalarında Paraf POS’larından yapılacak alışverişlerde ⟪4 taksit⟫ imkanı sunulacaktır.,,,
dunya_katilim-169c6a2afa64-p001,0,dunya_katilim,HARCAMA_ESIGI,600 TL ve üzeri,"{""deger"": 600.0, ""birim"": ""TRY""}",0.9,"Kampanya kapsamında ⟪600 TL ve üzeri⟫ alışverişlerde peşin fiyatına 2 taksit, 1.000 TL ve üzeri a",,,
dunya_katilim-169c6a2afa64-p001,5,dunya_katilim,TAKSIT_SAYISI,peşin fiyatına 6 taksit,"{""deger"": 6, ""birim"": ""adet""}",0.96,"e peşin fiyatına 3 taksit, 6.000 TL ve üzeri alışverişlerde ⟪peşin fiyatına 6 taksit⟫ fırsatından yararlanılabilir.",,,
dunya_katilim-729d16202a67-p009,0,dunya_katilim,KAMPANYA_SURESI,31 Ağustos 2026,"{""tarih"": ""2026-08-31""}",0.9,Kart Kampanyaları Devam ediyor Bitiş Tarihi: ⟪31 Ağustos 2026⟫,,,
dunya_katilim-4046b59632bf-p006,0,dunya_katilim,KAMPANYA_SURESI,01.01.2026-29.01.2026,"{""baslangic"": ""2026-01-01"", ""bitis"": ""2026-01-29""}",0.94,in kampanyanın başlamasından itibaren Paraf kredi kartı ile ⟪01.01.2026-29.01.2026⟫ tarihleri arasında toplam 1.000 TL ve üzeri harcama yapılma,,,
dunya_katilim-709b527c0979-p002,0,dunya_katilim,HEDEF_KITLE,yeni müşteriler,"{""metin"": ""yeni müşteriler""}",0.9,"Dünya Katılım, ⟪yeni müşteriler⟫ine özel yepyeni bir kampanya ile karşınızda!",,,
dunya_katilim-709b527c0979-p021,0,dunya_katilim,KAMPANYA_SURESI,01 Ocak 2026 tarihinde,"{""tarih"": ""2026-01-01""}",0.9,"👤 Kimler Kampanyadan Yararlanabilir? ⟪01 Ocak 2026 tarihinde⟫n itibaren, şubelerimizden veya görüntülü görüşme ile Dünya",,,
dunya_katilim-5ee3d820d5e7-p008,0,dunya_katilim,KAMPANYA_SURESI,31 Ağustos 2026,"{""tarih"": ""2026-08-31""}",0.9,Kart Kampanyaları Devam ediyor Bitiş Tarihi: ⟪31 Ağustos 2026⟫,,,
dunya_katilim-24a2f0088c5a-p000,0,dunya_katilim,HARCAMA_ESIGI,3.000 TL ve üzeri,"{""deger"": 3000.0, ""birim"": ""TRY""}",0.9,"nya Katılım TROY kartlarınızla, LC Waikiki’ den yapacağınız ⟪3.000 TL ve üzeri⟫ alışverişe anında 300 TL indirim fırsatı! Mağaza, lcw.com v",,,
dunya_katilim-24a2f0088c5a-p020,0,dunya_katilim,KAMPANYA_SURESI,15 Temmuz 2026,"{""tarih"": ""2026-07-15""}",0.9,Kart Kampanyaları Sona erdi Bitiş Tarihi: ⟪15 Temmuz 2026⟫,,,
dunya_katilim-bb3da47268a5-p005,0,dunya_katilim,MASRAF_DURUMU,masrafsız,"{""metin"": ""masrafsız""}",0.95,Kredi Kartı’nın yıllık kart ücreti bulunmamaktadır. Böylece ⟪masrafsız⟫ alışverişin keyfini çıkarabilirsiniz.,,,
dunya_katilim-26a530de5a88-p018,0,dunya_katilim,MASRAF_DURUMU,masrafsız,"{""metin"": ""masrafsız""}",0.95,"500 gram 1000 gram %0 (⟪masrafsız⟫) Ferah fiyatlar, 1 kg (1000 gram) has altın baz alınarak be",,,
hayat_finans-f99e5ff0e127-p011,0,hayat_finans,HARCAMA_ESIGI,1.000 TL ve üzeri,"{""deger"": 1000.0, ""birim"": ""TRY""}",0.9,"yapılacak net para transferi toplamının ⟪1.000 TL ve üzeri⟫ olması durumunda, 500 TL",,,
hayat_finans-5d87674d8392-p002,0,hayat_finans,KAMPANYA_SURESI,17 Temmuz – 17 Ağustos 2026,"{""tarih"": ""2026-08-17""}",0.94,📢 Kampanya Dönemi: ⟪17 Temmuz – 17 Ağustos 2026⟫,,,
hayat_finans-3cd5730120a6-p001,0,hayat_finans,TAKSIT_SAYISI,3 aya varan taksit,"{""deger"": 3, ""birim"": ""adet"", ""sinir"": ""ust""}",0.93,Hayat Finanslılara özel Troy mağazalarında ⟪3 aya varan taksit⟫ fırsatı Bana Bunu Al İş Ortağımda!,,,
hayat_finans-dc7ba4948d4b-p004,0,hayat_finans,INDIRIM_ORANI,%10,"{""deger"": 10.0, ""birim"": ""yuzde""}",0.9,⟪%10⟫ ila %50 arasında indirimlerden faydalanın. Size özel ayrıca,,,
hayat_finans-cf63a4ace2aa-p015,0,hayat_finans,KAMPANYA_SURESI,3 Aralık 2013 tarihinde,"{""tarih"": ""2013-12-03""}",0.9,⟪3 Aralık 2013 tarihinde⟫ yer alan Resmi Gazete’deki Yatırım kuruluşlarının kuruluş v,,,
hayat_finans-249295a1fe00-p016,1,hayat_finans,KAMPANYA_SURESI,27 Ocak 2024 tarihinde,"{""tarih"": ""2024-01-27""}",0.9,"alış emri yazılırsa, Ürün Hayat Finans Mobil uygulamanızda ⟪27 Ocak 2024 tarihinde⟫ görünür.",,,
hayat_finans-bba7225fe395-p001,0,hayat_finans,MASRAF_DURUMU,Vade farksız,"{""metin"": ""vade farksız""}",0.95,"⟪Vade farksız⟫, gelir belgesiz eğitim finansmanı fırsatı!",,,
hayat_finans-8230fc99e9e5-p036,0,hayat_finans,HARCAMA_ESIGI,85.000 TL ve üzeri,"{""deger"": 85000.0, ""birim"": ""TRY""}",0.9,"⟪85.000 TL ve üzeri⟫ Talimat Ver, Kazan Otomatik Fatura Ödemesi",,,
kuveyt_turk-41938519fb34-p021,0,kuveyt_turk,INDIRIM_ORANI,%1,"{""deger"": 1.0, ""birim"": ""yuzde""}",0.9,⟪%1⟫ indirimli KDV listesini incelemek için,,,
kuveyt_turk-b0edd42b36f6-p005,0,kuveyt_turk,KAMPANYA_SURESI,25 Haziran 2026 - 31 Aralık 2026,"{""baslangic"": ""2026-06-25"", ""bitis"": ""2026-12-31""}",0.94,Kampanyayı Keşfet Kampanya Aralığı: ⟪25 Haziran 2026 - 31 Aralık 2026⟫,,,
kuveyt_turk-b0edd42b36f6-p011,0,kuveyt_turk,KAMPANYA_SURESI,25 Haziran 2026 - 31 Aralık 2026,"{""baslangic"": ""2026-06-25"", ""bitis"": ""2026-12-31""}",0.94,Kampanyayı Keşfet Kampanya Aralığı: ⟪25 Haziran 2026 - 31 Aralık 2026⟫,,,
kuveyt_turk-b0edd42b36f6-p020,0,kuveyt_turk,HARCAMA_ESIGI,5.000 TL ve üzeri,"{""deger"": 5000.0, ""birim"": ""TRY""}",0.9,"QR ile ödeme de her ⟪5.000 TL ve üzeri⟫ harcamalarda %5 ekstra mil, toplamda 4.000 Mil kazanın!",,,
kuveyt_turk-b5cb2ca0d03e-p000,0,kuveyt_turk,KAMPANYA_SURESI,1 Ağustos 2026 - 31 Ağustos 2026,"{""baslangic"": ""2026-08-01"", ""bitis"": ""2026-08-31""}",0.94,Kendim İçin İşim İçin Kampanya Arşivi Kampanya Aralığı: ⟪1 Ağustos 2026 - 31 Ağustos 2026⟫,,,
kuveyt_turk-b5cb2ca0d03e-p003,0,kuveyt_turk,KAMPANYA_SURESI,30 Temmuz 2025 - 31 Aralık 2026,"{""baslangic"": ""2025-07-30"", ""bitis"": ""2026-12-31""}",0.94,Kampanyayı Keşfet Kampanya Aralığı: ⟪30 Temmuz 2025 - 31 Aralık 2026⟫,,,
kuveyt_turk-b5cb2ca0d03e-p007,1,kuveyt_turk,TAKSIT_SAYISI,4 Aya Varan Taksit,"{""deger"": 4, ""birim"": ""adet"", ""sinir"": ""ust""}",0.93,Colin’s’de Vade Farksız ⟪4 Aya Varan Taksit⟫ Fırsatı,,,
kuveyt_turk-b5cb2ca0d03e-p011,0,kuveyt_turk,KAMPANYA_SURESI,13 Ağustos 2026 - 31 Aralık 2026,"{""baslangic"": ""2026-08-13"", ""bitis"": ""2026-12-31""}",0.94,Kampanya Aralığı: ⟪13 Ağustos 2026 - 31 Aralık 2026⟫,,,
kuveyt_turk-b5cb2ca0d03e-p015,0,kuveyt_turk,MASRAF_DURUMU,Vade Farksız,"{""metin"": ""vade farksız""}",0.95,Altınyıldız Classics Resmi Web Sitesinde ⟪Vade Farksız⟫ 2 Taksit Fırsatı!,,,
kuveyt_turk-b5cb2ca0d03e-p019,1,kuveyt_turk,INDIRIM_ORANI,%7,"{""deger"": 7.0, ""birim"": ""yuzde""}",0.9,"ına Toprak Turizm Yurt Dışı Turlarında %10, Umre Turlarında ⟪%7⟫ İndirim",,,
kuveyt_turk-b5cb2ca0d03e-p022,1,kuveyt_turk,TAKSIT_SAYISI,5 Aya Varan Taksit,"{""deger"": 5, ""birim"": ""adet"", ""sinir"": ""ust""}",0.93,Avansas’da Vade Farksız ⟪5 Aya Varan Taksit⟫ Fırsatı!,,,
kuveyt_turk-97b3a1d90b70-p004,0,kuveyt_turk,KAMPANYA_SURESI,19 Mart 2026 - 31 Aralık 2026,"{""baslangic"": ""2026-03-19"", ""bitis"": ""2026-12-31""}",0.94,Kampanyayı Keşfet Kampanya Aralığı: ⟪19 Mart 2026 - 31 Aralık 2026⟫,,,
kuveyt_turk-cc7f8eed9d5d-p000,1,kuveyt_turk,TAKSIT_SAYISI,12 aya varan taksit,"{""deger"": 12, ""birim"": ""adet"", ""sinir"": ""ust""}",0.93,6 tarihine kadar Vaillant'ta yapacağınız alışverişlerinizde ⟪12 aya varan taksit⟫ imkanı sizleri bekliyor.,,,
kuveyt_turk-c5414f489829-p000,1,kuveyt_turk,TAKSIT_SAYISI,12 aya varan taksit,"{""deger"": 12, ""birim"": ""adet"", ""sinir"": ""ust""}",0.93,arihine kadar Demirdöküm’den yapacağınız alışverişlerinizde ⟪12 aya varan taksit⟫ imkanı sizi bekliyor.,,,
kuveyt_turk-2f4f3a7d6264-p001,0,kuveyt_turk,KAMPANYA_SURESI,31 Temmuz 2026,"{""tarih"": ""2026-07-31""}",0.9,NASIL YARARLANILIR? ⟪31 Temmuz 2026⟫’ya kadar,,,
kuveyt_turk-f4b084930093-p000,0,kuveyt_turk,KAMPANYA_SURESI,31 Aralık 2026,"{""tarih"": ""2026-12-31""}",0.9,Kuveyt Türk bireysel kredi kartları ile ⟪31 Aralık 2026⟫,,,
kuveyt_turk-0751c2d90a2b-p003,0,kuveyt_turk,HARCAMA_ESIGI,1.000 TL ve üzeri,"{""deger"": 1000.0, ""birim"": ""TRY""}",0.9,⟪1.000 TL ve üzeri⟫ taksitlendirmeye uygun işlemlerinizi,,,
kuveyt_turk-b6f9f5e72db2-p003,1,kuveyt_turk,MASRAF_DURUMU,vade farksız,"{""metin"": ""vade farksız""}",0.95,"m İçi İşlemler menüsünden ""Ücretsiz Taksitlendir"" butonuyla ⟪vade farksız⟫ 2 ile 5 taksit arasında taksitlendirebilirsiniz.",,,
kuveyt_turk-31e028f7f3ff-p001,1,kuveyt_turk,MASRAF_DURUMU,vade farksız,"{""metin"": ""vade farksız""}",0.95,ar İşbir Yatak mağazalarında yapacağınız alışverişlerinizde ⟪vade farksız⟫ 6'ya varan taksit imkanı sunuyor.,,,
kuveyt_turk-bcd8184de720-p005,0,kuveyt_turk,KAMPANYA_SURESI,10 Haziran – 31 Ağustos 2026,"{""tarih"": ""2026-08-31""}",0.94,Kampanya Detayları ⟪10 Haziran – 31 Ağustos 2026⟫ tarihleri arasında geçerlidir.,,,
kuveyt_turk-9a9eb4fb999f-p000,0,kuveyt_turk,KAMPANYA_SURESI,31 Aralık 2026 tarihine kadar,"{""bitis"": ""2026-12-31""}",0.9,"Kuveyt Türk bireysel kredi kartları ile ⟪31 Aralık 2026 tarihine kadar⟫ Desa Grubun (Samsonite, Desa , Adesa) mağazalarında yapacağ",,,
kuveyt_turk-23402864e008-p000,0,kuveyt_turk,KAMPANYA_SURESI,31 Aralık 2026 tarihine kadar,"{""bitis"": ""2026-12-31""}",0.9,"Kuveyt Türk Kredi Kartları, ⟪31 Aralık 2026 tarihine kadar⟫ Konyalı Saat mağazaları ve web sitesi üzerinden yapacağınız",,,
kuveyt_turk-6fe1cfa7ed17-p011,0,kuveyt_turk,INDIRIM_ORANI,%15,"{""deger"": 15.0, ""birim"": ""yuzde""}",0.9,Yurtdışı araç kiralamada: 360KUVEYT koduyla net ⟪%15⟫ indirim.,,,
kuveyt_turk-27880adb2b37-p000,0,kuveyt_turk,KAMPANYA_SURESI,31 Aralık 2026,"{""tarih"": ""2026-12-31""}",0.9,Kuveyt Türk bireysel kredi kartları ile ⟪31 Aralık 2026⟫’e kadar Almila Mobilya mağazaları ve resmî web sitesinde ya,,,
kuveyt_turk-55f01fc00379-p000,0,kuveyt_turk,KAMPANYA_SURESI,31 Aralık 2026 tarihine kadar,"{""bitis"": ""2026-12-31""}",0.9,Kuveyt Türk bireysel kredi kartları ile ⟪31 Aralık 2026 tarihine kadar⟫ İmza mağazalarında yapacağınız alışverişlerinizde vade fark,,,
kuveyt_turk-4ed573441e66-p000,2,kuveyt_turk,TAKSIT_SAYISI,6 taksit,"{""deger"": 6, ""birim"": ""adet""}",0.93,"acağınız alışverişlerinizde 90.000 TL'ye kadar vade farksız ⟪6 taksit⟫, 90.000 TL ve üzeri alışverişlerde 9 taksit, 120.000 TL ve",,,
kuveyt_turk-4ed573441e66-p000,7,kuveyt_turk,TAKSIT_SAYISI,12 aya varan taksit,"{""deger"": 12, ""birim"": ""adet"", ""sinir"": ""ust""}",0.93,"e 9 taksit, 120.000 TL ve üzeri alışverişlerde vade farksız ⟪12 aya varan taksit⟫ imkanı sizi bekliyor.",,,
kuveyt_turk-971c55539968-p002,0,kuveyt_turk,MASRAF_DURUMU,vade farksız,"{""metin"": ""vade farksız""}",0.95,⟪vade farksız⟫ 4 aya varan taksit imkanı sizi bekliyor.,,,
kuveyt_turk-ce7b1a8a6656-p000,0,kuveyt_turk,KAMPANYA_SURESI,31 Aralık 2026 tarihine kadar,"{""bitis"": ""2026-12-31""}",0.9,Kuveyt Türk kredi kartları ile ⟪31 Aralık 2026 tarihine kadar⟫ Ramsey ve Kip’ten yapacağınız alışverişlerinizde vade farks,,,
kuveyt_turk-b561276adeda-p000,2,kuveyt_turk,TAKSIT_SAYISI,4 aya varan taksit,"{""deger"": 4, ""birim"": ""adet"", ""sinir"": ""ust""}",0.93,i web sitesinde yapacağınız alışverişlerinizde vade farksız ⟪4 aya varan taksit⟫ imkanı sizi bekliyor.,,,
kuveyt_turk-68217f2bb683-p000,0,kuveyt_turk,KAMPANYA_SURESI,31 Aralık 2026 tarihine kadar,"{""bitis"": ""2026-12-31""}",0.9,Kuveyt Türk bireysel kredi kartları ile ⟪31 Aralık 2026 tarihine kadar⟫ Vatan Bilgisayar’da yapacağınız alışverişlerinizde vade far,,,
kuveyt_turk-d656cc7017c2-p000,0,kuveyt_turk,INDIRIM_ORANI,%30,"{""deger"": 30.0, ""birim"": ""yuzde""}",0.9,veyt Türk Bireysel ve Tüzel Kredi Kartlarınızla WindyCar’da ⟪%30⟫ indirim fırsatı sizi bekliyor! 0 Muafiyet Güvencesi dahil a,,,
kuveyt_turk-f41808b16dd9-p001,1,kuveyt_turk,TAKSIT_SAYISI,4 aya varan taksit,"{""deger"": 4, ""birim"": ""adet"", ""sinir"": ""ust""}",0.93,e mağazalarında yapacağınız alışverişlerinizde vade farksız ⟪4 aya varan taksit⟫ imkanı sizi bekliyor.,,,
kuveyt_turk-98b771153f24-p000,0,kuveyt_turk,KAMPANYA_SURESI,31 Aralık 2026,"{""tarih"": ""2026-12-31""}",0.9,"Kuveyt Türk Bireysel Kredi Kartları, ⟪31 Aralık 2026⟫",,,
kuveyt_turk-24f507c051df-p004,0,kuveyt_turk,INDIRIM_ORANI,%20,"{""deger"": 20.0, ""birim"": ""yuzde""}",0.9,"Gold, Platin veya Diamond üyelik kazanarak seçili otellerde ⟪%20⟫'ye varan indirim, private hizmetler ve ücretsiz havaalanı t",,,
kuveyt_turk-2e83cddce07e-p000,2,kuveyt_turk,TAKSIT_SAYISI,5 aya varan taksit,"{""deger"": 5, ""birim"": ""adet"", ""sinir"": ""ust""}",0.93,i web sitesinde yapacağınız alışverişlerinizde vade farksız ⟪5 aya varan taksit⟫ imkanı sizi bekliyor.,,,
kuveyt_turk-5acf732b1452-p000,1,kuveyt_turk,MASRAF_DURUMU,vade farksız,"{""metin"": ""vade farksız""}",0.95,os 2026’a kadar EasyCep ’ten yapacağınız alışverişlerinizde ⟪vade farksız⟫ 9 aya varan taksit imkanı sizi bekliyor.,,,
kuveyt_turk-4025ce91f517-p000,0,kuveyt_turk,KAMPANYA_SURESI,31 Aralık 2026 tarihine kadar,"{""bitis"": ""2026-12-31""}",0.9,Kuveyt Türk bireysel kredi kartları ile ⟪31 Aralık 2026 tarihine kadar⟫ Divarese resmi web sitesinde yapacağınız alışverişlerinizde,,,
kuveyt_turk-fb41ef94c583-p003,1,kuveyt_turk,MASRAF_DURUMU,vade farksız,"{""metin"": ""vade farksız""}",0.95,"m İçi İşlemler menüsünden ""Ücretsiz Taksitlendir"" butonuyla ⟪vade farksız⟫ 2 ile 5 taksit arasında taksitlendirebilirsiniz.",,,
kuveyt_turk-177aa5f28162-p000,0,kuveyt_turk,KAMPANYA_SURESI,31 Aralık 2026 tarihine kadar,"{""bitis"": ""2026-12-31""}",0.9,"Kuveyt Türk Bireysel Kredi kartları, ⟪31 Aralık 2026 tarihine kadar⟫ Yenilio mağazaları ve web sitesi üzerinden yapacağınız alış",,,
kuveyt_turk-b20b4e7a73fc-p000,0,kuveyt_turk,KAMPANYA_SURESI,31 Aralık 2026 tarihine kadar,"{""bitis"": ""2026-12-31""}",0.9,Kuveyt Türk bireysel kredi kartları ile ⟪31 Aralık 2026 tarihine kadar⟫ Yuki Motor’da yapacağınız alışverişlerinizde vade farksız 1,,,
kuveyt_turk-b62225921d97-p001,1,kuveyt_turk,TAKSIT_SAYISI,12 aya varan taksit,"{""deger"": 12, ""birim"": ""adet"", ""sinir"": ""ust""}",0.93,vade farksız ⟪12 aya varan taksit⟫ imkanı sizi bekliyor.,,,
kuveyt_turk-42c817df7c5a-p002,1,kuveyt_turk,INDIRIM_ORANI,%8,"{""deger"": 8.0, ""birim"": ""yuzde""}",0.9,"llerde %10 indirim, Helal hassasiyetli yurt dışı turlarında ⟪%8⟫ indirim, Tüm umre turlarında %6 indirim, yurt içi Otel reze",,,
kuveyt_turk-42c817df7c5a-p008,1,kuveyt_turk,TAKSIT_SAYISI,9 taksit,"{""deger"": 9, ""birim"": ""adet""}",0.93,Vade farksız ⟪9 taksit⟫ fırsatı sadece yurt içi otel rezervasyonlarında uygulanmakt,,,
kuveyt_turk-43cf1d1f0926-p002,0,kuveyt_turk,KAMPANYA_SURESI,1 Ocak 2026 tarihinde,"{""tarih"": ""2026-01-01""}",0.9,Kampanyadan yararlanabilecek katılımcılar ⟪1 Ocak 2026 tarihinde⟫n sonra Kuveyt Türk Mobilden müşteri olup Kuveyt Türk Mobild,,,
kuveyt_turk-d9064acda8bd-p005,0,kuveyt_turk,MASRAF_DURUMU,vade farksız,"{""metin"": ""vade farksız""}",0.95,"Kampanya kapsamında harcamalarınızın ⟪vade farksız⟫ taksitlendirilmesi için İnternet Şube, Kuveyt Türk Mobil ve",,,
kuveyt_turk-d9064acda8bd-p012,0,kuveyt_turk,MASRAF_DURUMU,vade farksız,"{""metin"": ""vade farksız""}",0.95,"Kampanya kapsamında harcamalarınızın ⟪vade farksız⟫ taksitlendirilmesi için İnternet Şube, Kuveyt Türk Mobil ve",,,
kuveyt_turk-50b4567cf65c-p000,2,kuveyt_turk,TAKSIT_SAYISI,9 aya varan taksit,"{""deger"": 9, ""birim"": ""adet"", ""sinir"": ""ust""}",0.93,i web sitesinde yapacağınız alışverişlerinizde vade farksız ⟪9 aya varan taksit⟫ imkanı sizi bekliyor.,,,
kuveyt_turk-27d40e2e0e9e-p002,0,kuveyt_turk,INDIRIM_ORANI,%5,"{""deger"": 5.0, ""birim"": ""yuzde""}",0.9,"her harcamanızda ⟪%5⟫, toplamda 2.000 TL indirim",,,
kuveyt_turk-f78aa110d22d-p000,1,kuveyt_turk,MASRAF_DURUMU,vade farksız,"{""metin"": ""vade farksız""}",0.95,kadar Brandy’s mağazalarında yapacağınız alışverişlerinizde ⟪vade farksız⟫ 3 aya varan taksit imkanı sizi bekliyor.,,,
kuveyt_turk-424da5c1056a-p000,1,kuveyt_turk,MASRAF_DURUMU,vade farksız,"{""metin"": ""vade farksız""}",0.95,r Starwood Yapı Market ’ ten yapacağınız alışverişlerinizde ⟪vade farksız⟫ 3 aya varan taksit imkanı sizi bekliyor.,,,
kuveyt_turk-8d4e5a6cf966-p000,0,kuveyt_turk,INDIRIM_ORANI,%15,"{""deger"": 15.0, ""birim"": ""yuzde""}",0.9,Kuveyt Türk Ticari kartlar ile Marqby'da ⟪%15⟫'e varan paket indirim avantajı sizi bekliyor! Markanız ile,,,
kuveyt_turk-12f827344e00-p000,0,kuveyt_turk,MASRAF_DURUMU,vade farksız,"{""metin"": ""vade farksız""}",0.95,"rt Troy başvurusu yapan müşteriler, 30 Eylül tarihine kadar ⟪vade farksız⟫ sonradan taksitlendirme yapabilecektir.",,,
kuveyt_turk-da7bb2ed4501-p002,0,kuveyt_turk,TAKSIT_SAYISI,9 taksit,"{""deger"": 9, ""birim"": ""adet""}",0.93,"t ile harcama yapmadan önce Kart Ayarları sekmesinden 2 ila ⟪9 taksit⟫ arasında seçim yaparak, 100 TL ve üzeri harcamalarınızı %2.",,,
kuveyt_turk-da7bb2ed4501-p006,0,kuveyt_turk,MASRAF_DURUMU,vade farksız,"{""metin"": ""vade farksız""}",0.95,"z Sağlam Kart, Sağlam Kart Kampüs ve Elite Kart’ın sonradan ⟪vade farksız⟫ 5 taksit özelliğinden yararlanabilirler.",,,
kuveyt_turk-9706c8215fe2-p004,0,kuveyt_turk,HEDEF_KITLE,yeni müşteri,"{""metin"": ""yeni müşteri""}",0.9,⟪yeni müşteri⟫ olan (son 30 gün içerisinde) müşterilerimiz yararlanabilirl,,,
kuveyt_turk-a6660bcbc926-p003,0,kuveyt_turk,KAMPANYA_SURESI,15 Haziran 2025 - 31 Aralık 2026,"{""baslangic"": ""2025-06-15"", ""bitis"": ""2026-12-31""}",0.94,Kampanyayı Keşfet Kampanya Aralığı: ⟪15 Haziran 2025 - 31 Aralık 2026⟫,,,
kuveyt_turk-a6660bcbc926-p012,0,kuveyt_turk,MASRAF_DURUMU,Vade Farksız,"{""metin"": ""vade farksız""}",0.95,Yeni Sağlam Kart Troy'lulara Özel ⟪Vade Farksız⟫ 5 Aya Varan Taksit İmkanı!,,,
kuveyt_turk-a6660bcbc926-p017,0,kuveyt_turk,KAMPANYA_SURESI,2 Şubat 2026 - 31 Aralık 2026,"{""baslangic"": ""2026-02-02"", ""bitis"": ""2026-12-31""}",0.94,Kampanyayı Keşfet Kampanya Aralığı: ⟪2 Şubat 2026 - 31 Aralık 2026⟫,,,
kuveyt_turk-1c8ae40f9593-p000,0,kuveyt_turk,KAMPANYA_SURESI,13 Ağustos 2026 - 31 Ağustos 2026,"{""baslangic"": ""2026-08-13"", ""bitis"": ""2026-08-31""}",0.94,Kendim İçin İşim İçin Kampanya Arşivi Kampanya Aralığı: ⟪13 Ağustos 2026 - 31 Ağustos 2026⟫,,,
kuveyt_turk-1c8ae40f9593-p008,0,kuveyt_turk,KAMPANYA_SURESI,25 Haziran 2026 - 31 Aralık 2026,"{""baslangic"": ""2026-06-25"", ""bitis"": ""2026-12-31""}",0.94,Kampanyayı Keşfet Kampanya Aralığı: ⟪25 Haziran 2026 - 31 Aralık 2026⟫,,,
kuveyt_turk-1c8ae40f9593-p015,0,kuveyt_turk,MASRAF_DURUMU,Vade Farksız,"{""metin"": ""vade farksız""}",0.95,tçılara Özel ShipEntegra ile Yurtdışı Kargo Gönderilerinize ⟪Vade Farksız⟫ 3 Taksit!,,,
kuveyt_turk-1c8ae40f9593-p019,0,kuveyt_turk,INDIRIM_ORANI,%15,"{""deger"": 15.0, ""birim"": ""yuzde""}",0.9,ız da hazır olsun. Kuveyt Türk Ticari kartlar ile Marqby'da ⟪%15⟫'e varan indirim sizi bekliyor!,,,
kuveyt_turk-4cfb7bb1ca87-p001,0,kuveyt_turk,KAMPANYA_SURESI,1 Temmuz 2026 - 30 Eylül 2026,"{""baslangic"": ""2026-07-01"", ""bitis"": ""2026-09-30""}",0.94,Kampanya Arşivi Kampanya Aralığı: ⟪1 Temmuz 2026 - 30 Eylül 2026⟫,,,
kuveyt_turk-678e19564a7c-p001,0,kuveyt_turk,MASRAF_DURUMU,Vade Farksız,"{""metin"": ""vade farksız""}",0.95,tçılara Özel ShipEntegra ile Yurtdışı Kargo Gönderilerinize ⟪Vade Farksız⟫ 3 Taksit!,,,
kuveyt_turk-678e19564a7c-p006,0,kuveyt_turk,KAMPANYA_SURESI,15 Haziran 2026 - 31 Aralık 2026,"{""baslangic"": ""2026-06-15"", ""bitis"": ""2026-12-31""}",0.94,Kampanyayı Keşfet Kampanya Aralığı: ⟪15 Haziran 2026 - 31 Aralık 2026⟫,,,
kuveyt_turk-678e19564a7c-p015,0,kuveyt_turk,KAMPANYA_SURESI,19 Mart 2026 - 31 Aralık 2026,"{""baslangic"": ""2026-03-19"", ""bitis"": ""2026-12-31""}",0.94,Kampanyayı Keşfet Kampanya Aralığı: ⟪19 Mart 2026 - 31 Aralık 2026⟫,,,
tom_bank-55c4b4dac7d9-p001,1,tom_bank,MASRAF_DURUMU,vade farksız,"{""metin"": ""vade farksız""}",0.95,"Kampanyalar Özel Okul Ödemelerinde 10 Taksit, üstelik ⟪vade farksız⟫!",,,
tom_bank-b59fb03904a7-p034,0,tom_bank,KAMPANYA_SURESI,15 Ocak 2026,"{""tarih"": ""2026-01-15""}",0.9,"tıkla. ⟪15 Ocak 2026⟫ itibarıyla, tek seferde yapılabilecek maksimum temassız işl",,,
emlak_katilim-5c451b4c074a-p000,0,emlak_katilim,INDIRIM_ORANI,%15,"{""deger"": 15.0, ""birim"": ""yuzde""}",0.9,Marina Mayo’da Tüm Ürünlerde ⟪%15⟫ İndirim!,,,
emlak_katilim-e941e17ff154-p001,0,emlak_katilim,INDIRIM_ORANI,%15,"{""deger"": 15.0, ""birim"": ""yuzde""}",0.9,Marina Mayo’da Tüm Ürünlerde ⟪%15⟫ İndirim!,,,
emlak_katilim-e941e17ff154-p020,0,emlak_katilim,MASRAF_DURUMU,vade farksız,"{""metin"": ""vade farksız""}",0.95,DETAYLI BİLGİ Troy Apple’da ⟪vade farksız⟫ 5 aya varan taksit,,,
emlak_katilim-e941e17ff154-p027,0,emlak_katilim,TAKSIT_SAYISI,Peşin Fiyatına 9 Taksit,"{""deger"": 9, ""birim"": ""adet""}",0.96,DETAYLI BİLGİ Paraf ile Trendyol'da ⟪Peşin Fiyatına 9 Taksit⟫ Fırsatı!,,,
emlak_katilim-e941e17ff154-p031,0,emlak_katilim,TAKSIT_SAYISI,Peşin Fiyatına 6 Taksit,"{""deger"": 6, ""birim"": ""adet""}",0.96,DETAYLI BİLGİ Paraf ile Zsa Zsa Zsu Mağazalarında ⟪Peşin Fiyatına 6 Taksit⟫!,,,
emlak_katilim-e941e17ff154-p036,0,emlak_katilim,TAKSIT_SAYISI,4 Taksit,"{""deger"": 4, ""birim"": ""adet""}",0.93,DETAYLI BİLGİ Paraf ile Network’te ⟪4 Taksit⟫ Fırsatı!,,,
emlak_katilim-e941e17ff154-p041,0,emlak_katilim,TAKSIT_SAYISI,6 Aya Varan Taksit,"{""deger"": 6, ""birim"": ""adet"", ""sinir"": ""ust""}",0.93,DETAYLI BİLGİ Paraf ile D’S Damat’ta ⟪6 Aya Varan Taksit⟫ Fırsatı!,,,
emlak_katilim-e941e17ff154-p046,0,emlak_katilim,TAKSIT_SAYISI,8 Taksit,"{""deger"": 8, ""birim"": ""adet""}",0.93,DETAYLI BİLGİ Paraf ile Yataş’ta ⟪8 Taksit⟫ Fırsatı!,,,
emlak_katilim-e941e17ff154-p051,0,emlak_katilim,MASRAF_DURUMU,Vade Farksız,"{""metin"": ""vade farksız""}",0.95,DETAYLI BİLGİ Paraf ile Gürgençler’de ⟪Vade Farksız⟫ 9 Taksit Fırsatı!,,,
emlak_katilim-e941e17ff154-p055,0,emlak_katilim,TAKSIT_SAYISI,9 Aya Varan Taksit,"{""deger"": 9, ""birim"": ""adet"", ""sinir"": ""ust""}",0.93,DETAYLI BİLGİ Paraf ile Vestel’de ⟪9 Aya Varan Taksit⟫ Fırsatı!,,,
emlak_katilim-e941e17ff154-p060,0,emlak_katilim,MASRAF_DURUMU,Vade Farksız,"{""metin"": ""vade farksız""}",0.95,DETAYLI BİLGİ Paraf ile ITOPYA.COM'da ⟪Vade Farksız⟫ 6 Taksit!,,,
emlak_katilim-e941e17ff154-p064,0,emlak_katilim,TAKSIT_SAYISI,Peşin Fiyatına 9 Taksit,"{""deger"": 9, ""birim"": ""adet""}",0.96,DETAYLI BİLGİ Paraf ile Touristica.com.tr’de ⟪Peşin Fiyatına 9 Taksit⟫!,,,
emlak_katilim-025bf1f175c1-p000,1,emlak_katilim,KAMPANYA_SURESI,31 Ağustos 2026 tarihine kadar,"{""bitis"": ""2026-08-31""}",0.9,Paraf ile Kip’te 5 Taksit! ⟪31 Ağustos 2026 tarihine kadar⟫ KİP mağazaları ve www.kip.com.tr’de Paraf POS’larından yapı,,,
emlak_katilim-9758d96b3f2d-p000,0,emlak_katilim,INDIRIM_ORANI,%40,"{""deger"": 40.0, ""birim"": ""yuzde""}",0.9,RentGo'da ⟪%40⟫ İndirim Fırsatı! Kampanyaya Nasıl Katılırım?,,,
emlak_katilim-1b24100af547-p000,1,emlak_katilim,KAMPANYA_SURESI,31 Ağustos 2026 tarihine kadar,"{""bitis"": ""2026-08-31""}",0.9,Paraf ile Koçtaş’ta 5 Taksit! ⟪31 Ağustos 2026 tarihine kadar⟫ Koçtaş’ta Paraf POS'undan yapacağınız alışverişlerinde 5 ta,,,
emlak_katilim-0e7efd23dc6a-p000,0,emlak_katilim,TAKSIT_SAYISI,8 Taksit,"{""deger"": 8, ""birim"": ""adet""}",0.93,"Paraf ile Yataş’ta ⟪8 Taksit⟫ Fırsatı! Paraf ile Yataş Bedding, Yataş Enza, Yataş Puffy v",,,
emlak_katilim-9fd499fc1a1d-p000,0,emlak_katilim,TAKSIT_SAYISI,4 Taksit,"{""deger"": 4, ""birim"": ""adet""}",0.93,Paraf ile Evidea’da ⟪4 Taksit⟫ Fırsatı! 31 Ağustos 2026 tarihine kadar Evidea web sitesi v,,,
emlak_katilim-3f0f1147b222-p000,0,emlak_katilim,TAKSIT_SAYISI,5 Taksit,"{""deger"": 5, ""birim"": ""adet""}",0.93,Paraf ile Vivense’de ⟪5 Taksit⟫ Fırsatı! Paraf ile Vivense mağazalarında veya www.vivense.c,,,
emlak_katilim-7b46ba067d1b-p000,0,emlak_katilim,TAKSIT_SAYISI,4 Taksit,"{""deger"": 4, ""birim"": ""adet""}",0.93,Paraf ile Network’te ⟪4 Taksit⟫ Fırsatı! 31 Ağustos 2026 tarihine kadar Network mağazaları,,,
emlak_katilim-964c0b05c3af-p000,2,emlak_katilim,TAKSIT_SAYISI,4 taksit,"{""deger"": 4, ""birim"": ""adet""}",0.93,Paraf POS’larından yapılacak 5.000 TL üzeri alışverişlerde ⟪4 taksit⟫ imkanı sunulacaktır.,,,
emlak_katilim-12aa3f5d31d1-p000,0,emlak_katilim,TAKSIT_SAYISI,12 Aya Varan Taksit,"{""deger"": 12, ""birim"": ""adet"", ""sinir"": ""ust""}",0.93,Paraf ile Copa’da ⟪12 Aya Varan Taksit⟫! 1-31 Ağustos 2026 tarihleri arasında Parafüyesi Copa Isı B,,,
emlak_katilim-e4ab13b57d16-p000,2,emlak_katilim,TAKSIT_SAYISI,4 taksit,"{""deger"": 4, ""birim"": ""adet""}",0.93,arese.com.tr’de Paraf POS’larından yapılacak alışverişlerde ⟪4 taksit⟫ imkanı sunulacaktır.,,,
emlak_katilim-7a6942e48007-p022,0,emlak_katilim,KAMPANYA_SURESI,15 Ekim 2026 tarihinde,"{""tarih"": ""2026-10-15""}",0.9,Kullanılmayan ParafPara’lar ⟪15 Ekim 2026 tarihinde⟫ geri alınacaktır.,,,
emlak_katilim-98da9768e7cd-p001,0,emlak_katilim,KAMPANYA_SURESI,31 Ağustos 2026 tarihine kadar,"{""bitis"": ""2026-08-31""}",0.9,⟪31 Ağustos 2026 tarihine kadar⟫ Paraf üyesi Vaillant sanal POS’u üzerinden yapılan işlemler,,,
emlak_katilim-63bca4dc681f-p003,1,emlak_katilim,HARCAMA_ESIGI,1.000 TL ve üzeri,"{""deger"": 1000.0, ""birim"": ""TRY""}",0.9,kazanmak için; kargo bedeli hariç sepet tutarı tek seferde ⟪1.000 TL ve üzeri⟫ olmalıdır.,,,
emlak_katilim-63bca4dc681f-p004,4,emlak_katilim,KAMPANYA_SURESI,1 Eylül 2026,"{""tarih"": ""2026-09-01""}",0.9,"t 23.59,1 Ağustos 2026 saat 09.00 – 7 Ağustos 2026 23.59 ve ⟪1 Eylül 2026⟫ saat 09.00 – 7 Eylül 2026 23.59 arasında geçerlidir.",,,
emlak_katilim-9f610d9e8e64-p004,0,emlak_katilim,KAMPANYA_SURESI,10 Haziran 2026,"{""tarih"": ""2026-06-10""}",0.9,"Kampanya Koşulları Kampanya, ⟪10 Haziran 2026⟫ saat 00.01 – 31 Ağustos 2026 saat 23.59",,,
emlak_katilim-f7ad9853ddf7-p005,1,emlak_katilim,HARCAMA_ESIGI,30.000 TL ve üzeri,"{""deger"": 30000.0, ""birim"": ""TRY""}",0.9,asında DAMAT TWEEN’de Paraf POS’undan tek seferde yapılacak ⟪30.000 TL ve üzeri⟫ ilk alışverişe 2.000 TL ParafPara verilecektir.,,,
emlak_katilim-c439e9abc615-p006,0,emlak_katilim,HARCAMA_ESIGI,1.500 TL ve üzeri,"{""deger"": 1500.0, ""birim"": ""TRY""}",0.9,"Kampanya kapsamında yurt içinde tek seferde yapılacak ⟪1.500 TL ve üzeri⟫ ikinci ve dördüncü akaryakıt harcamasına 200 TL, toplam 400",,,
emlak_katilim-856f827bec26-p001,1,emlak_katilim,MASRAF_DURUMU,vade farksız,"{""metin"": ""vade farksız""}",0.95,arı ve www.itopya.com’dan yapılacak taksitli alışverişinize ⟪vade farksız⟫ 6 taksit imkanı sunulacaktır.,,,
emlak_katilim-4be3b283ba43-p000,0,emlak_katilim,TAKSIT_SAYISI,Peşin Fiyatına 3 Taksit,"{""deger"": 3, ""birim"": ""adet""}",0.96,Paraf ile Porland’da ⟪Peşin Fiyatına 3 Taksit⟫!,,,
emlak_katilim-f5ddf44c3735-p002,0,emlak_katilim,HARCAMA_ESIGI,600 TL ve üzeri,"{""deger"": 600.0, ""birim"": ""TRY""}",0.9,"Kampanya kapsamında ⟪600 TL ve üzeri⟫ alışverişlerde peşin fiyatına 2 taksit, 1.000 TL ve üzeri a",,,
emlak_katilim-f5ddf44c3735-p002,5,emlak_katilim,TAKSIT_SAYISI,peşin fiyatına 6 taksit,"{""deger"": 6, ""birim"": ""adet""}",0.96,"e peşin fiyatına 3 taksit, 6.000 TL ve üzeri alışverişlerde ⟪peşin fiyatına 6 taksit⟫ fırsatından yararlanılabilir.",,,
emlak_katilim-db541a6148ec-p002,0,emlak_katilim,MASRAF_DURUMU,vade farksız,"{""metin"": ""vade farksız""}",0.95,re.com’de Paraf POS’undan yapılacak taksitli alışverişlerde ⟪vade farksız⟫ 5 aya varan taksit imkanı sunulacaktır.,,,
emlak_katilim-c3870a2314fb-p006,0,emlak_katilim,KAMPANYA_SURESI,31 Ağustos 2026,"{""tarih"": ""2026-08-31""}",0.9,Kampanya Koşulları 01-⟪31 Ağustos 2026⟫ tarihleri arasında ADV mağazalarında Paraf POS’undan tek se,,,
emlak_katilim-e77c69f18837-p000,0,emlak_katilim,TAKSIT_SAYISI,9 Aya Varan Taksit,"{""deger"": 9, ""birim"": ""adet"", ""sinir"": ""ust""}",0.93,Paraf ile Vestel’de ⟪9 Aya Varan Taksit⟫ Fırsatı!,,,
emlak_katilim-f25aa5a74eb3-p001,1,emlak_katilim,TAKSIT_SAYISI,6 aya varan taksit,"{""deger"": 6, ""birim"": ""adet"", ""sinir"": ""ust""}",0.93,t mağazalarında Paraf POS’larından yapılacak alışverişlerde ⟪6 aya varan taksit⟫ imkanı sunulacaktır.,,,
emlak_katilim-b887de038693-p000,0,emlak_katilim,INDIRIM_ORANI,%15,"{""deger"": 15.0, ""birim"": ""yuzde""}",0.9,Modanisa’da Tüm İndirimlere Ek ⟪%15⟫ İndirim Fırsatı!,,,
emlak_katilim-9e946bd66a9e-p001,0,emlak_katilim,KAMPANYA_SURESI,31 Ağustos 2026 tarihine kadar,"{""bitis"": ""2026-08-31""}",0.9,⟪31 Ağustos 2026 tarihine kadar⟫ Yargıcı mağazalarında Paraf POS’larından yapılacak alışveri,,,
emlak_katilim-76c1fa2dba8f-p024,0,emlak_katilim,KAMPANYA_SURESI,15 Ekim 2026 tarihinde,"{""tarih"": ""2026-10-15""}",0.9,Kullanılmayan ParafPara’lar ⟪15 Ekim 2026 tarihinde⟫ geri alınacaktır.,,,
emlak_katilim-9d2c9683a148-p000,0,emlak_katilim,TAKSIT_SAYISI,6 Aya Varan Taksit,"{""deger"": 6, ""birim"": ""adet"", ""sinir"": ""ust""}",0.93,Paraf ile Damat Tween’de ⟪6 Aya Varan Taksit⟫ Fırsatı!,,,
emlak_katilim-93a97ac59bf2-p000,0,emlak_katilim,INDIRIM_ORANI,%20,"{""deger"": 20.0, ""birim"": ""yuzde""}",0.9,Hızlı Çiçek’te Tüm İndirimlere Ek ⟪%20⟫ İndirim Fırsatı!,,,
emlak_katilim-7c3f8c4d7f0e-p001,0,emlak_katilim,KAMPANYA_SURESI,31 Ağustos 2026 tarihine kadar,"{""bitis"": ""2026-08-31""}",0.9,⟪31 Ağustos 2026 tarihine kadar⟫ www.touristica.com.tr mağazalarından yapılacak alışverişler,,,
emlak_katilim-f69adf96b261-p001,2,emlak_katilim,TAKSIT_SAYISI,peşin fiyatına 3 taksit,"{""deger"": 3, ""birim"": ""adet""}",0.96,e yapacağınız 1.000 TL ve üzeri taksitli alışverişlerinizde ⟪peşin fiyatına 3 taksit⟫; 6.000 TL ve üzeri seçili ürünlerde peşin fiyatına 6 taksit,,,
emlak_katilim-f69adf96b261-p002,0,emlak_katilim,TAKSIT_SAYISI,9 taksit,"{""deger"": 9, ""birim"": ""adet""}",0.93,Peşin fiyatına 6 ve ⟪9 taksit⟫ kampanyası sadece seçili ürünler özelinde geçerlidir.,,,
emlak_katilim-7c9a29e4b5da-p001,0,emlak_katilim,KAMPANYA_SURESI,31 Ağustos 2026 tarihine kadar,"{""bitis"": ""2026-08-31""}",0.9,⟪31 Ağustos 2026 tarihine kadar⟫ Gürgençler Apple mağazaları veya www.gurgencler.com.tr’de P,,,
emlak_katilim-fe60d8068f22-p001,1,emlak_katilim,INDIRIM_ORANI,%15,"{""deger"": 15.0, ""birim"": ""yuzde""}",0.9,dan yapacağınız alışverişlerde 7 taksit imkanı sunulacak ve ⟪%15⟫ indirim uygulanacaktır.,,,
emlak_katilim-dcf8fa7728be-p004,0,emlak_katilim,KAMPANYA_SURESI,31 Ağustos 2026,"{""tarih"": ""2026-08-31""}",0.9,Kampanya Koşulları Kampanya 1-⟪31 Ağustos 2026⟫ tarihleri arasında geçerlidir.,,,
emlak_katilim-2e75b250edf1-p005,0,emlak_katilim,HARCAMA_ESIGI,25.000 TL ve üzeri,"{""deger"": 25000.0, ""birim"": ""TRY""}",0.9,"L, 15.000 TL ile 24.999 TL arasındaki ilk harcamaya 800 TL, ⟪25.000 TL ve üzeri⟫ndeki ilk harcamaya 1.250 TL ParafPara verilecektir.Üstelik",,,
emlak_katilim-d964a8de103f-p000,0,emlak_katilim,MASRAF_DURUMU,Vade Farksız,"{""metin"": ""vade farksız""}",0.95,Paraf ile A101’de ⟪Vade Farksız⟫ 6 Aya Varan Taksit Fırsatı!,,,
emlak_katilim-d964a8de103f-p001,3,emlak_katilim,TAKSIT_SAYISI,peşin fiyatına 6 aya varan taksit,"{""deger"": 6, ""birim"": ""adet"", ""sinir"": ""ust""}",0.96,"yapılacak 300 TL ve üzeri alışverişlerinizde vade farksız, ⟪peşin fiyatına 6 aya varan taksit⟫ imkanı sunulacaktır.",,,
emlak_katilim-244c1883bfcd-p002,1,emlak_katilim,HARCAMA_ESIGI,2.000 TL ve üzeri,"{""deger"": 2000.0, ""birim"": ""TRY""}",0.9,Peşin fiyatına 3 taksit uygulaması sepet toplamı ⟪2.000 TL ve üzeri⟫ siparişlerde geçerlidir.,,,
emlak_katilim-142c21d39a52-p001,1,emlak_katilim,MASRAF_DURUMU,vade farksız,"{""metin"": ""vade farksız""}",0.95,den Paraf POS’u üzerinden yapılacak taksitli alışverişlerde ⟪vade farksız⟫ 6 aya varan taksit imkanı sunulacaktır.,,,
emlak_katilim-6b8409c01352-p022,0,emlak_katilim,KAMPANYA_SURESI,15 Ekim 2026 tarihinde,"{""tarih"": ""2026-10-15""}",0.9,Kullanılmayan ParafPara’lar ⟪15 Ekim 2026 tarihinde⟫ geri alınacaktır.,,,
emlak_katilim-c9b298bb70cd-p003,0,emlak_katilim,TAKSIT_SAYISI,12 taksit,"{""deger"": 12, ""birim"": ""adet""}",0.93,100 TL – 1.000 TL arası alışverişlerde vade farklı en fazla ⟪12 taksit⟫ uygulanmaktadır.,,,
emlak_katilim-c9b298bb70cd-p005,1,emlak_katilim,TAKSIT_SAYISI,peşin fiyatına 6 taksit,"{""deger"": 6, ""birim"": ""adet""}",0.96,"6.000 TL ve üzeri alışverişlerde ⟪peşin fiyatına 6 taksit⟫, 6 taksit üzerindeki taksitlerde vade farkı uygulanmaktadır",,,
emlak_katilim-c9b298bb70cd-p013,0,emlak_katilim,MASRAF_DURUMU,vade farksız,"{""metin"": ""vade farksız""}",0.95,Hepsiburada satıcılı Xiaomi (Tablet hariç) markalı ürünler ⟪vade farksız⟫ taksit kampanyalarına dahil değildir.,,,
emlak_katilim-472184ccb487-p006,0,emlak_katilim,HARCAMA_ESIGI,3.000 TL ve üzeri,"{""deger"": 3000.0, ""birim"": ""TRY""}",0.9,"her ⟪3.000 TL ve üzeri⟫ harcamaya 200 TL, toplamda 2.000 TL ParafPara",,,
emlak_katilim-bd2a38e3c63c-p000,0,emlak_katilim,TAKSIT_SAYISI,Peşin Fiyatına 12 Aya Varan Taksit,"{""deger"": 12, ""birim"": ""adet"", ""sinir"": ""ust""}",0.96,Paraf ile Monster Notebook’ta ⟪Peşin Fiyatına 12 Aya Varan Taksit⟫ Fırsatı!,,,
emlak_katilim-2e1682cfd166-p001,0,emlak_katilim,KAMPANYA_SURESI,31 Ağustos 2026,"{""tarih"": ""2026-08-31""}",0.9,01-⟪31 Ağustos 2026⟫ tarihlerinde https://store.metatechtr.com,,,
emlak_katilim-b67e1818be4d-p005,0,emlak_katilim,KAMPANYA_SURESI,31 Ağustos 2026,"{""tarih"": ""2026-08-31""}",0.9,"Kampanya Koşulları 1-⟪31 Ağustos 2026⟫ tarihlerinde yurt içi mobilya, dekorasyon ve yapı marketi s",,,
emlak_katilim-cddc12566223-p001,1,emlak_katilim,INDIRIM_ORANI,10% indirim,"{""deger"": 10.0, ""birim"": ""yuzde""}",0.93,"raf kredi kartlarına özel yurt içi araç kiralamalarında net ⟪10% indirim⟫, üstelik peşin fiyatına 3 taksit fırsatı.",,,
turkiye_finans-8d5e15b03370-p096,0,turkiye_finans,HARCAMA_ESIGI,"399.000,01 TL ve üzeri","{""deger"": 399000.01, ""birim"": ""TRY""}",0.9,"⟪399.000,01 TL ve üzeri⟫ 797.68 TL BSMV Hariçtir",,,
turkiye_finans-8d5e15b03370-p121,0,turkiye_finans,HARCAMA_ESIGI,"304.800,01 TL ve üzeri","{""deger"": 304800.01, ""birim"": ""TRY""}",0.9,"6.300,01- 304.800 TL arası 30,47TL ⟪304.800,01 TL ve üzeri⟫ 304,71 TL",,,
turkiye_finans-8d5e15b03370-p367,0,turkiye_finans,KAMPANYA_SURESI,01.03.2021 -30.06.2024,"{""baslangic"": ""2021-03-01"", ""bitis"": ""2024-06-30""}",0.94,Finansman Erken Kapama Ücreti / (⟪01.03.2021 -30.06.2024⟫ Kullandırılan Finansmanlarda),,,
turkiye_finans-8d5e15b03370-p678,1,turkiye_finans,VADE_SURESI,Vade 24 Ay,"{""deger"": 24, ""birim"": ""ay""}",0.95,Vade 12-24 Ay TL ⟪Vade 24 Ay⟫ ve Üzeri TL Vade 0-12 Ay (12 ay dahil) USD&EUR,,,
turkiye_finans-8d5e15b03370-p689,1,turkiye_finans,VADE_SURESI,Vade 24 Ay,"{""deger"": 24, ""birim"": ""ay""}",0.95,Vade 12-24 Ay USD&EUR ⟪Vade 24 Ay⟫ ve Üzeri USD&EUR,,,
turkiye_finans-8d5e15b03370-p702,1,turkiye_finans,VADE_SURESI,Vade 24 ay,"{""deger"": 24, ""birim"": ""ay""}",0.95,Vade 12-24 Ay USD&EUR ⟪Vade 24 ay⟫ ve Üzeri USD&EUR,,,
turkiye_finans-d622eabca63e-p012,3,turkiye_finans,MASRAF_DURUMU,masrafsız,"{""metin"": ""masrafsız""}",0.95,"oranı, 3 ay erteleme fırsatı ve yeni müşterilere özel dosya ⟪masrafsız⟫lık avantajı sizi bekliyor.",,,
turkiye_finans-0c0a8d736848-p016,0,turkiye_finans,KAR_PAYLASIM_ORANI,99/1,"{""musteri"": 99.0, ""banka"": 1.0, ""birim"": ""yuzde""}",0.9,insinden katılım hesabı açan bireysel müşterilerimize azami ⟪99/1⟫ kâr paylaşım oranı ile hesap açma avantajı sunulacaktır.,,,
turkiye_finans-416c7083b81e-p020,0,turkiye_finans,MASRAF_DURUMU,masrafsız,"{""metin"": ""masrafsız""}",0.95,"Siz de Türkiye Finans’a katılın, ⟪masrafsız⟫ bankacılığın avantajlarından yararlanmaya hemen başlayın.",,,
turkiye_finans-1b3447491705-p033,0,turkiye_finans,MASRAF_DURUMU,vade farksız,"{""metin"": ""vade farksız""}",0.95,r.Happy Avans ile acil nakit ihtiyaçlarınızı komisyonsuz ve ⟪vade farksız⟫ karşılamanızı sağlar.Çekilen nakit avans tutarına günlük en,,,
turkiye_finans-9fa9a7346b3a-p010,0,turkiye_finans,HEDEF_KITLE,Yeni müşterilerimize,"{""metin"": ""yeni müşterilerimize""}",0.9,"⟪Yeni müşterilerimize⟫, özel “Hoş Geldin” avantajını kaçırmayın! Hem Günlük Hesap’",,,
turkiye_finans-9fa9a7346b3a-p052,1,turkiye_finans,HEDEF_KITLE,yeni müşteri,"{""metin"": ""yeni müşteri""}",0.9,"5 Ağustos 2023 tarihi itibarıyla bankamızın ⟪yeni müşteri⟫si olan müşterilere, Günlük Hesap işlemlerinde 9 5 gün boyun",,,
turkiye_finans-a6110e3a809c-p016,1,turkiye_finans,KAR_PAYLASIM_ORANI,25/75,"{""musteri"": 25.0, ""banka"": 75.0, ""birim"": ""yuzde""}",0.9,"-Katılma hesaplarında Türk Lirası 98/2 , USD 25 /75 ve Euro ⟪25/75⟫, Altın 2/98 avantajlı kâr paylaşım oranlarından yararlanır.",,,
turkiye_finans-1fdfeab3d8b2-p018,0,turkiye_finans,KAMPANYA_SURESI,29 Ekim 1923 tarihinde,"{""tarih"": ""1923-10-29""}",0.9,"Cumhuriyet Bayramı, ⟪29 Ekim 1923 tarihinde⟫ Türkiye Büyük Millet Meclisi tarafından cumhuriyet yönetimi",,,
vakif_katilim-03b377e6c4c9-p000,0,vakif_katilim,MASRAF_DURUMU,Vade Farksız,"{""metin"": ""vade farksız""}",0.95,VKart’la Sağlıkta ⟪Vade Farksız⟫ 5 Taksit Kampanya Geçerlilik Tarihi,,,
vakif_katilim-03b377e6c4c9-p002,2,vakif_katilim,TAKSIT_SAYISI,5 taksit,"{""deger"": 5, ""birim"": ""adet""}",0.93,"bireysel Vakıf Katılım Kredi Kartı ile ödeyin, vade farksız ⟪5 taksit⟫ avantajından yararlanın!",,,
vakif_katilim-3c8ddbc0b12a-p002,0,vakif_katilim,INDIRIM_ORANI,%25,"{""deger"": 25.0, ""birim"": ""yuzde""}",0.9,lım müşterileri Vialand Tema Park günlük giriş biletlerinde ⟪%25⟫ indirim,,,
vakif_katilim-03c2855c1658-p000,0,vakif_katilim,INDIRIM_ORANI,%20,"{""deger"": 20.0, ""birim"": ""yuzde""}",0.9,Muhiku’da ⟪%20⟫ İndirim! Kampanya Geçerlilik Tarihi,,,
vakif_katilim-03c2855c1658-p012,0,vakif_katilim,INDIRIM_ORANI,%75,"{""deger"": 75.0, ""birim"": ""yuzde""}",0.9,"ampanyalar Dijitalden Müşteri Ol, Hisse Senedi İşlemlerinde ⟪%75⟫ Komisyon İndirimi Kazan!",,,
vakif_katilim-acc264662889-p025,0,vakif_katilim,INDIRIM_ORANI,%75,"{""deger"": 75.0, ""birim"": ""yuzde""}",0.9,"ampanyalar Dijitalden Müşteri Ol, Hisse Senedi İşlemlerinde ⟪%75⟫ Komisyon İndirimi Kazan!",,,
vakif_katilim-21f5058e2c0c-p001,0,vakif_katilim,KAMPANYA_SURESI,08 Ocak 2026 - 31 Aralık 2026,"{""baslangic"": ""2026-01-08"", ""bitis"": ""2026-12-31""}",0.94,⟪08 Ocak 2026 - 31 Aralık 2026⟫ Kampanya Detayları,,,
vakif_katilim-a34f03e0c477-p001,0,vakif_katilim,KAMPANYA_SURESI,01 Temmuz 2025 - 31 Aralık 2029,"{""baslangic"": ""2025-07-01"", ""bitis"": ""2029-12-31""}",0.94,⟪01 Temmuz 2025 - 31 Aralık 2029⟫ Kampanya Detayları,,,
vakif_katilim-708596b1b513-p000,0,vakif_katilim,MASRAF_DURUMU,Vade Farksız,"{""metin"": ""vade farksız""}",0.95,TROY’la Eğitimde ⟪Vade Farksız⟫ 5 Taksit Kampanya Geçerlilik Tarihi,,,
vakif_katilim-708596b1b513-p002,2,vakif_katilim,TAKSIT_SAYISI,5 taksit,"{""deger"": 5, ""birim"": ""adet""}",0.93,"sel Vakıf Katılım TROY Kredi Kartı ile ödeyin, vade farksız ⟪5 taksit⟫ avantajından yararlanın!",,,
vakif_katilim-710f9023681c-p002,0,vakif_katilim,INDIRIM_ORANI,%15,"{""deger"": 15.0, ""birim"": ""yuzde""}",0.9,"ıf Katılım müşterileri, Arzum'da yapacakları alışverişlerde ⟪%15⟫ indirimden yararlanıyor!",,,
vakif_katilim-0c13059ce93b-p023,0,vakif_katilim,INDIRIM_ORANI,%75,"{""deger"": 75.0, ""birim"": ""yuzde""}",0.9,"Dijitalden Müşteri Ol, Hisse Senedi İşlemlerinde ⟪%75⟫ Komisyon İndirimi Kazan!",,,
vakif_katilim-e5f18227a332-p023,1,vakif_katilim,INDIRIM_ORANI,%15,"{""deger"": 15.0, ""birim"": ""yuzde""}",0.9,Vialand’da %25 İndirim! Arzum’da ⟪%15⟫ İndirim!,,,
vakif_katilim-6e16fc1ad7d4-p008,0,vakif_katilim,INDIRIM_ORANI,%5,"{""deger"": 5.0, ""birim"": ""yuzde""}",0.9,sepette ⟪%5⟫ indirim sizi bekliyor. Vakıf Katılım müşterisi değilseniz,,,
vakif_katilim-6e16fc1ad7d4-p016,0,vakif_katilim,KAMPANYA_SURESI,01 Aralık 2026 tarihine kadar,"{""bitis"": ""2026-12-01""}",0.9,Kampanya ⟪01 Aralık 2026 tarihine kadar⟫ geçerlidir.,,,
vakif_katilim-260786e70cf1-p013,4,vakif_katilim,VADE_SURESI,vade 36 ay,"{""deger"": 36, ""birim"": ""ay""}",0.95,00.000 TL arasında olan motosiklet finansmanları için azami ⟪vade 36 ay⟫; nihai fatura değeri 800.001 TL ile 1.200.000 TL arasında o,,,
vakif_katilim-79217d1d3717-p001,5,vakif_katilim,TAKSIT_SAYISI,10 taksit,"{""deger"": 10, ""birim"": ""adet""}",0.93,. Cep telefonu alışverişleriniz 20.000 TL’ye kadar en fazla ⟪10 taksit⟫ olarak vadelendirilmektedir.,,,
vakif_katilim-1970f79392c9-p015,0,vakif_katilim,KAMPANYA_SURESI,1 Ağustos 2025 tarihinde,"{""tarih"": ""2025-08-01""}",0.9,"nış işlemleri, şubelerimiz aracılığıyla yapılabilir. Ayrıca ⟪1 Ağustos 2025 tarihinde⟫n sonra müşterimiz olanlar,",,,
vakif_katilim-1810ebaeaf08-p007,0,vakif_katilim,KAR_PAYI_ORANI,%20,"{""deger"": 20.0, ""birim"": ""yuzde""}",0.92,ıf Katılım’da birikimini yapmaya başla; hem kâr payı hem de ⟪%20⟫’ye kadar devlet katkısıyla konut sahibi olma fırsatı yakala,,,
vakif_katilim-6dc8c383a039-p016,0,vakif_katilim,KAR_PAYLASIM_ORANI,95/5,"{""musteri"": 95.0, ""banka"": 5.0, ""birim"": ""yuzde""}",0.9,Konut hesabı ⟪95/5⟫ kâr paylaşım oranıyla yüksek kâr payı sağlayan bir hesap tü,,,
vakif_katilim-72cde7b7614d-p036,1,vakif_katilim,INDIRIM_ORANI,%50,"{""deger"": 50.0, ""birim"": ""yuzde""}",0.9,"lanta mağazalarında yapacağınız pırlanta alışverişlerinizde ⟪%50⟫, altın takı alışverişlerinizde %25 indirim fırsatından yara",,,
vakif_katilim-25f15f2dfa12-p010,0,vakif_katilim,KAR_PAYI_ORANI,%20,"{""deger"": 20.0, ""birim"": ""yuzde""}",0.92,ıf Katılım’da birikimini yapmaya başla; hem kâr payı hem de ⟪%20⟫’ye kadar devlet katkısıyla konut sahibi olma fırsatı yakala,,,
vakif_katilim-c3b2821f3c41-p004,1,vakif_katilim,HARCAMA_ESIGI,6.000 TL ve üzeri,"{""deger"": 6000.0, ""birim"": ""TRY""}",0.9,"tarihine kadar, www.ikea.com.tr ve IKEA mobil uygulamasında ⟪6.000 TL ve üzeri⟫ mobilya ve aksesuar alışverişlerinde kullanabilirsiniz.",,,
vakif_katilim-ccec72a3a0f1-p013,0,vakif_katilim,INDIRIM_ORANI,%20,"{""deger"": 20.0, ""birim"": ""yuzde""}",0.9,Muhiku’da ⟪%20⟫ İndirim! Espressolab Hediye Kahve Kampanyası,,,
vakif_katilim-df3f10a4207f-p014,0,vakif_katilim,VADE_SURESI,vade 36 ay,"{""deger"": 36, ""birim"": ""ay""}",0.95,"400.001 TL – 800.000 TL aralığında olan araçlar için azami ⟪vade 36 ay⟫,",,,
vakif_katilim-f1260be690c0-p002,1,vakif_katilim,HARCAMA_ESIGI,500 TL ve üzeri,"{""deger"": 500.0, ""birim"": ""TRY""}",0.9,"Vakıf Katılım Kredi Kartı ile giyim sektöründe tek seferde ⟪500 TL ve üzeri⟫ alışveriş yapın, LC Waikiki’de geçerli 250 TL tutarında hed",,,
vakif_katilim-e78e53d1f4e9-p003,0,vakif_katilim,KAMPANYA_SURESI,17 Kasım 2025,"{""tarih"": ""2025-11-17""}",0.9,Kampanya Şartları • Kampanya ⟪17 Kasım 2025⟫ saat 00:01 ve 17 Aralık 2025 saat 23:59 arasında geçerlidir,,,
vakif_katilim-e78e53d1f4e9-p022,0,vakif_katilim,KAMPANYA_SURESI,20 Ekim 2025,"{""tarih"": ""2025-10-20""}",0.9,"anılmayan dönemler için kısmi ücret iadesi yapılır. Örneğin ⟪20 Ekim 2025⟫’te Yıllık Plus üyesi olmuş bir kullanıcı, TROY kampanyasınd",,,
vakif_katilim-e78e53d1f4e9-p028,0,vakif_katilim,INDIRIM_ORANI,%20,"{""deger"": 20.0, ""birim"": ""yuzde""}",0.9,Muhiku’da ⟪%20⟫ İndirim! Espressolab Hediye Kahve Kampanyası,,,
vakif_katilim-c2f1b3190800-p002,1,vakif_katilim,HARCAMA_ESIGI,500 TL ve üzeri,"{""deger"": 500.0, ""birim"": ""TRY""}",0.9,"ıf Katılım Kredi Kartınız ile market sektöründe tek seferde ⟪500 TL ve üzeri⟫ alışveriş yapın, A101’de geçerli 250 TL tutarında hediye çe",,,
vakif_katilim-74f984610587-p003,0,vakif_katilim,KAMPANYA_SURESI,07.11.2025 – 31.12.2025,"{""baslangic"": ""2025-11-07"", ""bitis"": ""2025-12-31""}",0.94,Kampanya Şartları • ⟪07.11.2025 – 31.12.2025⟫ tarihleri arasında Turkcell uygulaması veya www.turkcell.co,,,
vakif_katilim-3b6b783e73dd-p012,0,vakif_katilim,INDIRIM_ORANI,%75,"{""deger"": 75.0, ""birim"": ""yuzde""}",0.9,"ampanyalar Dijitalden Müşteri Ol, Hisse Senedi İşlemlerinde ⟪%75⟫ Komisyon İndirimi Kazan!",,,
vakif_katilim-c92c1d99c738-p002,1,vakif_katilim,HARCAMA_ESIGI,500 TL ve üzeri,"{""deger"": 500.0, ""birim"": ""TRY""}",0.9,"Vakıf Katılım Kredi Kartı ile giyim sektöründe tek seferde ⟪500 TL ve üzeri⟫ alışveriş yapın, LC Waikiki’de geçerli 250 TL tutarında hed",,,
vakif_katilim-6cff74d29214-p000,0,vakif_katilim,INDIRIM_ORANI,%25,"{""deger"": 25.0, ""birim"": ""yuzde""}",0.9,VKart ile Arzum’da ⟪%25⟫ İndirim! Kampanya Geçerlilik Tarihi,,,
ziraat_katilim-41ef8dab7801-p011,1,ziraat_katilim,VADE_SURESI,vade 36 ay,"{""deger"": 36, ""birim"": ""ay""}",0.95,"hariçtir. 1 - 125.000 TL'ye kadar olan finansmanlarda azami ⟪vade 36 ay⟫, 125.001 - 250.000 TL'ye kadar olan finansmanlarda azami va",,,
ziraat_katilim-41ef8dab7801-p046,4,ziraat_katilim,VADE_SURESI,vade 24 ay,"{""deger"": 24, ""birim"": ""ay""}",0.95,"ay, 125.001 - 250.000 TL'ye kadar olan finansmanlarda azami ⟪vade 24 ay⟫, 250.000 TL üzerinde finansmanlarda ise vade 12 aydır.",,,
ziraat_katilim-3cc4281f0de5-p018,0,ziraat_katilim,HARCAMA_ESIGI,125.000 TL üzerindeki,"{""deger"": 125000.0, ""birim"": ""TRY""}",0.9,"400,00 TL ⟪125.000 TL üzerindeki⟫ tutarlar için %0.2, altındaki tutarlar için sabit ücret alı",,,
ziraat_katilim-7894ae738d31-p007,0,ziraat_katilim,TAKSIT_SAYISI,3 Taksit,"{""deger"": 3, ""birim"": ""adet""}",0.93,Son Gün Elektronik ve Telekomünikasyon Teknosa'da ⟪3 Taksit⟫,,,
ziraat_katilim-7894ae738d31-p012,0,ziraat_katilim,TAKSIT_SAYISI,5 Taksit,"{""deger"": 5, ""birim"": ""adet""}",0.93,"Son Gün Kuyum, Optik ve Saat Saat&Saat'te ⟪5 Taksit⟫",,,
ziraat_katilim-7894ae738d31-p017,0,ziraat_katilim,TAKSIT_SAYISI,5 Taksit,"{""deger"": 5, ""birim"": ""adet""}",0.93,"Lassa'da ⟪5 Taksit⟫ Son Gün Kuyum, Optik ve Saat",,,
ziraat_katilim-7894ae738d31-p022,0,ziraat_katilim,TAKSIT_SAYISI,9 Taksit,"{""deger"": 9, ""birim"": ""adet""}",0.93,"Baymak'ta ⟪9 Taksit⟫ Son Gün Kuyum, Optik ve Saat",,,
ziraat_katilim-7894ae738d31-p116,0,ziraat_katilim,TAKSIT_SAYISI,4 Taksit,"{""deger"": 4, ""birim"": ""adet""}",0.93,Son Gün Giyim ve Aksesuar W Collection'da ⟪4 Taksit⟫,,,
ziraat_katilim-7894ae738d31-p124,0,ziraat_katilim,TAKSIT_SAYISI,6 Taksit,"{""deger"": 6, ""birim"": ""adet""}",0.93,"im, Kitap ve Kırtasiye Seçili Okullarda Peşin Ödemelerinize ⟪6 Taksit⟫",,,
ziraat_katilim-7894ae738d31-p133,0,ziraat_katilim,TAKSIT_SAYISI,9 Taksit,"{""deger"": 9, ""birim"": ""adet""}",0.93,Son Gün Mobilya ve Dekorasyon ModaLife'ta ⟪9 Taksit⟫,,,
ziraat_katilim-7894ae738d31-p146,0,ziraat_katilim,INDIRIM_ORANI,%30,"{""deger"": 30.0, ""birim"": ""yuzde""}",0.9,Gün Turizm ve Seyahat Enterprise'ta Araç Kiralamalarınızda ⟪%30⟫ İndirim,,,
ziraat_katilim-7894ae738d31-p155,0,ziraat_katilim,INDIRIM_ORANI,%5,"{""deger"": 5.0, ""birim"": ""yuzde""}",0.9,on Gün Turizm ve Seyahat Pazarama Tatil'de Seçili Otellerde ⟪%5⟫ İndirim,,,
ziraat_katilim-7894ae738d31-p160,0,ziraat_katilim,TAKSIT_SAYISI,6 Taksit,"{""deger"": 6, ""birim"": ""adet""}",0.93,Son Gün Turizm ve Seyahat Türk Hava Yolları'nda ⟪6 Taksit⟫,,,
ziraat_katilim-7894ae738d31-p167,0,ziraat_katilim,TAKSIT_SAYISI,5 Taksit,"{""deger"": 5, ""birim"": ""adet""}",0.93,Mobilya ve Dekorasyon Bellona'da ⟪5 Taksit⟫,,,
ziraat_katilim-7894ae738d31-p172,0,ziraat_katilim,TAKSIT_SAYISI,4 Taksit,"{""deger"": 4, ""birim"": ""adet""}",0.93,Son Gün Diğer Kampanyalar Continental’de ⟪4 Taksit⟫,,,
ziraat_katilim-7894ae738d31-p177,0,ziraat_katilim,TAKSIT_SAYISI,12 Taksit,"{""deger"": 12, ""birim"": ""adet""}",0.93,Son Gün Yapı Sektörü ve İklimlendirme Daikin’de ⟪12 Taksit⟫,,,
ziraat_katilim-7894ae738d31-p182,0,ziraat_katilim,TAKSIT_SAYISI,8 Taksit,"{""deger"": 8, ""birim"": ""adet""}",0.93,Son Gün Mobilya ve Dekorasyon Divanev’de ⟪8 Taksit⟫,,,
ziraat_katilim-7894ae738d31-p187,0,ziraat_katilim,TAKSIT_SAYISI,9 Taksit,"{""deger"": 9, ""birim"": ""adet""}",0.93,Son Gün Mobilya ve Dekorasyon Çilek Mobilya'da ⟪9 Taksit⟫,,,
ziraat_katilim-7894ae738d31-p192,0,ziraat_katilim,TAKSIT_SAYISI,4 Taksit,"{""deger"": 4, ""birim"": ""adet""}",0.93,Son Gün Giyim ve Aksesuar Decathlon'da ⟪4 Taksit⟫,,,
ziraat_katilim-7894ae738d31-p197,0,ziraat_katilim,TAKSIT_SAYISI,4 Taksit,"{""deger"": 4, ""birim"": ""adet""}",0.93,Son Gün Giyim ve Aksesuar Ramsey’de ⟪4 Taksit⟫,,,
ziraat_katilim-7894ae738d31-p202,0,ziraat_katilim,TAKSIT_SAYISI,2 Taksit,"{""deger"": 2, ""birim"": ""adet""}",0.93,Son Gün Giyim ve Aksesuar Avva’da ⟪2 Taksit⟫,,,
ziraat_katilim-7894ae738d31-p207,0,ziraat_katilim,TAKSIT_SAYISI,9 Taksit,"{""deger"": 9, ""birim"": ""adet""}",0.93,Son Gün Beyaz Eşya ve Ev Aletleri Uğur Derin Dondurucu’da ⟪9 Taksit⟫,,,
ziraat_katilim-7894ae738d31-p212,0,ziraat_katilim,TAKSIT_SAYISI,7 Taksit,"{""deger"": 7, ""birim"": ""adet""}",0.93,Son Gün Mobilya ve Dekorasyon İstikbal’de ⟪7 Taksit⟫,,,
ziraat_katilim-57b54bb202aa-p001,0,ziraat_katilim,KAMPANYA_SURESI,1 Kasım- 4 Aralık 2023,"{""tarih"": ""2023-12-04""}",0.94,Kampanya ⟪1 Kasım- 4 Aralık 2023⟫ tarihleri arasında geçerli olacaktır.,,,
ziraat_katilim-db46a1a02d45-p005,0,ziraat_katilim,TAKSIT_SAYISI,36 aya varan taksit,"{""deger"": 36, ""birim"": ""adet"", ""sinir"": ""ust""}",0.93,Uygun fiyat ve ⟪36 aya varan taksit⟫ seçenekleri ile uzun vadelerde geri ödeme imkanından faydal,,,
ziraat_katilim-9d37c64c1ca3-p026,0,ziraat_katilim,KAMPANYA_SURESI,11 Ağustos 2026,"{""tarih"": ""2026-08-11""}",0.9,GÖRÜNTÜLE ⟪11 Ağustos 2026⟫ tarihli piyasa yorumu,,,
ziraat_katilim-8368cd7c8cb4-p033,0,ziraat_katilim,TAKSIT_SAYISI,4 taksit,"{""deger"": 4, ""birim"": ""adet""}",0.93,"Yasal taksit sınırları çerçevesinde 2,3 veya ⟪4 taksit⟫ yapılabilmektedir.",,,
